{
  "metadata": {
    "source": "Calibration sample",
    "n_patients": 897,
    "date_generated": "2026-02-09",
    "notes": "Empirical norms from spine deformity patient sample",
    "warning": "These norms are sample-specific. Generalization requires validation."
  },
  "domains": {
    "Anxiety": {
      "n_items": 6,
      "n_patients": 897,
      "mean": 14.004459308807135,
      "sd": 6.9789209219784505,
      "min": 0.0,
      "max": 24.0,
      "percentiles": {
        "p05": 2.0,
        "p10": 4.0,
        "p20": 7.0,
        "p25": 9.0,
        "p30": 10.0,
        "p40": 12.0,
        "p50": 15.0,
        "p60": 17.0,
        "p70": 19.0,
        "p75": 20.0,
        "p80": 21.0,
        "p90": 23.0,
        "p95": 24.0
      },
      "severity_bands": {
        "very_low": {
          "max_score": 7.0,
          "percentile": "0-20th"
        },
        "low": {
          "max_score": 12.0,
          "percentile": "20-40th"
        },
        "moderate": {
          "max_score": 17.0,
          "percentile": "40-60th"
        },
        "high": {
          "max_score": 21.0,
          "percentile": "60-80th"
        },
        "very_high": {
          "max_score": 24.0,
          "percentile": "80-100th"
        }
      },
      "theta_scale": {
        "mean": 0.0,
        "sd": 1.0,
        "percentiles": {
          "p5": -1.720102497651456,
          "p10": -1.4335252427492726,
          "p20": -1.0036593603959973,
          "p25": -0.7170821054938138,
          "p30": -0.573793478042722,
          "p40": -0.28721622314053846,
          "p50": 0.14264965921273678,
          "p60": 0.4292269141149203,
          "p70": 0.7158041690171039,
          "p75": 0.8590927964681956,
          "p80": 1.0023814239192874,
          "p90": 1.2889586788214709,
          "p95": 1.4322473062725627
        }
      }
    },
    "Depression": {
      "n_items": 6,
      "n_patients": 897,
      "mean": 14.195094760312152,
      "sd": 8.284348033511195,
      "min": 0.0,
      "max": 24.0,
      "percentiles": {
        "p05": 0.0,
        "p10": 2.0,
        "p20": 5.0,
        "p25": 6.0,
        "p30": 9.0,
        "p40": 12.0,
        "p50": 16.0,
        "p60": 19.0,
        "p70": 21.0,
        "p75": 22.0,
        "p80": 23.0,
        "p90": 24.0,
        "p95": 24.0
      },
      "severity_bands": {
        "very_low": {
          "max_score": 5.0,
          "percentile": "0-20th"
        },
        "low": {
          "max_score": 12.0,
          "percentile": "20-40th"
        },
        "moderate": {
          "max_score": 19.0,
          "percentile": "40-60th"
        },
        "high": {
          "max_score": 23.0,
          "percentile": "60-80th"
        },
        "very_high": {
          "max_score": 24.0,
          "percentile": "80-100th"
        }
      },
      "theta_scale": {
        "mean": 0.0,
        "sd": 1.0,
        "percentiles": {
          "p5": -1.713483632374119,
          "p10": -1.472064513825531,
          "p20": -1.1099358360026492,
          "p25": -0.9892262767283554,
          "p30": -0.6270975989054736,
          "p40": -0.26496892108259174,
          "p50": 0.21786931601458398,
          "p60": 0.5799979938374658,
          "p70": 0.8214171123860536,
          "p75": 0.9421266716603476,
          "p80": 1.0628362309346415,
          "p90": 1.1835457902089355,
          "p95": 1.1835457902089355
        }
      }
    },
    "Fatigue": {
      "n_items": 7,
      "n_patients": 897,
      "mean": 17.722408026755854,
      "sd": 10.026854544276503,
      "min": 0.0,
      "max": 28.0,
      "percentiles": {
        "p05": 0.0,
        "p10": 2.0,
        "p20": 6.0,
        "p25": 8.0,
        "p30": 11.0,
        "p40": 16.0,
        "p50": 22.0,
        "p60": 25.0,
        "p70": 27.0,
        "p75": 27.0,
        "p80": 28.0,
        "p90": 28.0,
        "p95": 28.0
      },
      "severity_bands": {
        "very_low": {
          "max_score": 6.0,
          "percentile": "0-20th"
        },
        "low": {
          "max_score": 16.0,
          "percentile": "20-40th"
        },
        "moderate": {
          "max_score": 25.0,
          "percentile": "40-60th"
        },
        "high": {
          "max_score": 28.0,
          "percentile": "60-80th"
        },
        "very_high": {
          "max_score": 28.0,
          "percentile": "80-100th"
        }
      },
      "theta_scale": {
        "mean": 0.0,
        "sd": 1.0,
        "percentiles": {
          "p5": -1.767494277342649,
          "p10": -1.5680299297580285,
          "p20": -1.1691012345887875,
          "p25": -0.9696368870041671,
          "p30": -0.6704403656272363,
          "p40": -0.171779496665685,
          "p50": 0.4266135460881765,
          "p60": 0.7258100674651072,
          "p70": 0.9252744150497277,
          "p75": 0.9252744150497277,
          "p80": 1.0250065888420379,
          "p90": 1.0250065888420379,
          "p95": 1.0250065888420379
        }
      }
    },
    "Pain_Interference": {
      "n_items": 8,
      "n_patients": 897,
      "mean": 23.02118171683389,
      "sd": 10.68891477412068,
      "min": 0.0,
      "max": 32.0,
      "percentiles": {
        "p05": 1.0,
        "p10": 3.6000000000000085,
        "p20": 12.0,
        "p25": 16.0,
        "p30": 19.0,
        "p40": 25.0,
        "p50": 28.0,
        "p60": 30.0,
        "p70": 32.0,
        "p75": 32.0,
        "p80": 32.0,
        "p90": 32.0,
        "p95": 32.0
      },
      "severity_bands": {
        "very_low": {
          "max_score": 12.0,
          "percentile": "0-20th"
        },
        "low": {
          "max_score": 25.0,
          "percentile": "20-40th"
        },
        "moderate": {
          "max_score": 30.0,
          "percentile": "40-60th"
        },
        "high": {
          "max_score": 32.0,
          "percentile": "60-80th"
        },
        "very_high": {
          "max_score": 32.0,
          "percentile": "80-100th"
        }
      },
      "theta_scale": {
        "mean": 0.0,
        "sd": 1.0,
        "percentiles": {
          "p5": -2.0601887265627914,
          "p10": -1.8169460723791353,
          "p20": -1.0310851896319424,
          "p25": -0.6568657216570881,
          "p30": -0.37620112067594735,
          "p40": 0.185128081286334,
          "p50": 0.4657926822674747,
          "p60": 0.6529024162549019,
          "p70": 0.840012150242329,
          "p75": 0.840012150242329,
          "p80": 0.840012150242329,
          "p90": 0.840012150242329,
          "p95": 0.840012150242329
        }
      }
    },
    "Participation": {
      "n_items": 8,
      "n_patients": 897,
      "mean": 9.722408026755852,
      "sd": 11.519387752608015,
      "min": 0.0,
      "max": 32.0,
      "percentiles": {
        "p05": 0.0,
        "p10": 0.0,
        "p20": 0.0,
        "p25": 0.0,
        "p30": 0.0,
        "p40": 1.0,
        "p50": 4.0,
        "p60": 8.0,
        "p70": 14.0,
        "p75": 19.0,
        "p80": 23.0,
        "p90": 31.0,
        "p95": 32.0
      },
      "severity_bands": {
        "very_low": {
          "max_score": 0.0,
          "percentile": "0-20th"
        },
        "low": {
          "max_score": 1.0,
          "percentile": "20-40th"
        },
        "moderate": {
          "max_score": 8.0,
          "percentile": "40-60th"
        },
        "high": {
          "max_score": 23.0,
          "percentile": "60-80th"
        },
        "very_high": {
          "max_score": 32.0,
          "percentile": "80-100th"
        }
      },
      "theta_scale": {
        "mean": 0.0,
        "sd": 1.0,
        "percentiles": {
          "p5": -0.8440038859317569,
          "p10": -0.8440038859317569,
          "p20": -0.8440038859317569,
          "p25": -0.8440038859317569,
          "p30": -0.8440038859317569,
          "p40": -0.7571937167217138,
          "p50": -0.49676320909158445,
          "p60": -0.14952253225141202,
          "p70": 0.37133848300884664,